{
	"format_version": "1.21.11",
	"credit": "Model by Joja",
	"texture_size": [32, 32],
	"textures": {
		"0": "dissmp:item/glasses",
		"particle": "dissmp:item/glasses"
	},
	"elements": [
		{
			"from": [0, 6, 0],
			"to": [2, 8, 1],
			"rotation": {"angle": 0, "axis": "y", "origin": [1, 6, 0]},
			"faces": {
				"north": {"uv": [6, 0, 7, 1], "texture": "#0"},
				"east": {"uv": [4, 6.5, 4.5, 7.5], "texture": "#0"},
				"south": {"uv": [6, 1, 7, 2], "texture": "#0"},
				"west": {"uv": [4.5, 6.5, 5, 7.5], "texture": "#0"},
				"up": {"uv": [7, 6, 6, 5.5], "texture": "#0"},
				"down": {"uv": [6, 6.5, 5, 7], "texture": "#0"}
			}
		},
		{
			"from": [0, 6, 8],
			"to": [1, 7, 9],
			"rotation": {"angle": 0, "axis": "y", "origin": [1, 6, 8]},
			"faces": {
				"north": {"uv": [5, 7, 5.5, 7.5], "texture": "#0"},
				"east": {"uv": [5.5, 7, 6, 7.5], "texture": "#0"},
				"south": {"uv": [7, 5.5, 7.5, 6], "texture": "#0"},
				"west": {"uv": [7, 6, 7.5, 6.5], "texture": "#0"},
				"up": {"uv": [7.5, 7, 7, 6.5], "texture": "#0"},
				"down": {"uv": [7.5, 7, 7, 7.5], "texture": "#0"}
			}
		},
		{
			"from": [15, 6, 8],
			"to": [16, 7, 9],
			"rotation": {"angle": 0, "axis": "y", "origin": [16, 6, 8]},
			"faces": {
				"north": {"uv": [7.5, 1, 8, 1.5], "texture": "#0"},
				"east": {"uv": [7.5, 1.5, 8, 2], "texture": "#0"},
				"south": {"uv": [7.5, 2, 8, 2.5], "texture": "#0"},
				"west": {"uv": [7.5, 2.5, 8, 3], "texture": "#0"},
				"up": {"uv": [3.5, 8, 3, 7.5], "texture": "#0"},
				"down": {"uv": [4, 7.5, 3.5, 8], "texture": "#0"}
			}
		},
		{
			"from": [0, 7, 1],
			"to": [1, 8, 8],
			"rotation": {"angle": 0, "axis": "y", "origin": [1, 6, 1]},
			"faces": {
				"north": {"uv": [4, 7.5, 4.5, 8], "texture": "#0"},
				"east": {"uv": [4, 4, 7.5, 4.5], "texture": "#0"},
				"south": {"uv": [7.5, 4, 8, 4.5], "texture": "#0"},
				"west": {"uv": [4, 4.5, 7.5, 5], "texture": "#0"},
				"up": {"uv": [0.5, 8.5, 0, 5], "texture": "#0"},
				"down": {"uv": [1, 5, 0.5, 8.5], "texture": "#0"}
			}
		},
		{
			"from": [15, 7, 1],
			"to": [16, 8, 8],
			"rotation": {"angle": 0, "axis": "y", "origin": [16, 6, 1]},
			"faces": {
				"north": {"uv": [4.5, 7.5, 5, 8], "texture": "#0"},
				"east": {"uv": [1, 5, 4.5, 5.5], "texture": "#0"},
				"south": {"uv": [7.5, 4.5, 8, 5], "texture": "#0"},
				"west": {"uv": [4.5, 5, 8, 5.5], "texture": "#0"},
				"up": {"uv": [1.5, 9, 1, 5.5], "texture": "#0"},
				"down": {"uv": [2, 5.5, 1.5, 9], "texture": "#0"}
			}
		},
		{
			"from": [14, 6, 0],
			"to": [16, 8, 1],
			"rotation": {"angle": 0, "axis": "y", "origin": [15, 6, 0]},
			"faces": {
				"north": {"uv": [2, 6, 3, 7], "texture": "#0"},
				"east": {"uv": [6, 6.5, 6.5, 7.5], "texture": "#0"},
				"south": {"uv": [6, 2, 7, 3], "texture": "#0"},
				"west": {"uv": [6.5, 6.5, 7, 7.5], "texture": "#0"},
				"up": {"uv": [8, 0.5, 7, 0], "texture": "#0"},
				"down": {"uv": [8, 0.5, 7, 1], "texture": "#0"}
			}
		},
		{
			"from": [2, 8, 0],
			"to": [6, 10, 1],
			"rotation": {"angle": 0, "axis": "y", "origin": [3, 8, 0]},
			"faces": {
				"north": {"uv": [4, 1, 6, 2], "texture": "#0"},
				"east": {"uv": [7, 1, 7.5, 2], "texture": "#0"},
				"south": {"uv": [2, 4, 4, 5], "texture": "#0"},
				"west": {"uv": [2, 7, 2.5, 8], "texture": "#0"},
				"up": {"uv": [5, 6.5, 3, 6], "texture": "#0"},
				"down": {"uv": [8, 3, 6, 3.5], "texture": "#0"}
			}
		},
		{
			"from": [6, 6, 0],
			"to": [10, 8, 1],
			"rotation": {"angle": 0, "axis": "y", "origin": [7, 6, 0]},
			"faces": {
				"north": {"uv": [4, 2, 6, 3], "texture": "#0"},
				"east": {"uv": [7, 2, 7.5, 3], "texture": "#0"},
				"south": {"uv": [4, 3, 6, 4], "texture": "#0"},
				"west": {"uv": [2.5, 7, 3, 8], "texture": "#0"},
				"up": {"uv": [8, 4, 6, 3.5], "texture": "#0"},
				"down": {"uv": [7, 6, 5, 6.5], "texture": "#0"}
			}
		},
		{
			"from": [10, 8, 0],
			"to": [14, 10, 1],
			"rotation": {"angle": 0, "axis": "y", "origin": [11, 8, 0]},
			"faces": {
				"north": {"uv": [0, 4, 2, 5], "texture": "#0"},
				"east": {"uv": [3, 6.5, 3.5, 7.5], "texture": "#0"},
				"south": {"uv": [4, 0, 6, 1], "texture": "#0"},
				"west": {"uv": [3.5, 6.5, 4, 7.5], "texture": "#0"},
				"up": {"uv": [4, 6, 2, 5.5], "texture": "#0"},
				"down": {"uv": [6, 5.5, 4, 6], "texture": "#0"}
			}
		},
		{
			"from": [2, 4, 0.25],
			"to": [6, 8, 0.25],
			"rotation": {"angle": 0, "axis": "y", "origin": [2, 6, 1]},
			"faces": {
				"north": {"uv": [0, 0, 2, 2], "texture": "#0"},
				"east": {"uv": [0, 0, 0, 2], "texture": "#0"},
				"south": {"uv": [0, 2, 2, 4], "texture": "#0"},
				"west": {"uv": [0, 0, 0, 2], "texture": "#0"},
				"up": {"uv": [2, 0, 0, 0], "texture": "#0"},
				"down": {"uv": [2, 0, 0, 0], "texture": "#0"}
			}
		},
		{
			"from": [10, 4, 0.25],
			"to": [14, 8, 0.25],
			"rotation": {"angle": 0, "axis": "y", "origin": [10, 6, 1]},
			"faces": {
				"north": {"uv": [2, 0, 4, 2], "texture": "#0"},
				"east": {"uv": [0, 0, 0, 2], "texture": "#0"},
				"south": {"uv": [2, 2, 4, 4], "texture": "#0"},
				"west": {"uv": [0, 0, 0, 2], "texture": "#0"},
				"up": {"uv": [2, 0, 0, 0], "texture": "#0"},
				"down": {"uv": [2, 0, 0, 0], "texture": "#0"}
			}
		}
	],
	"display": {
		"thirdperson_righthand": {
			"rotation": [11.61, -46.9, 26.29],
			"translation": [-2.5, -0.75, -1.75],
			"scale": [0.4707, 0.4707, 0.4707]
		},
		"thirdperson_lefthand": {
			"rotation": [49.36, -49.43, 49.37],
			"translation": [-1.5, -0.5, -2.5],
			"scale": [0.47461, 0.47461, 0.47461]
		},
		"firstperson_righthand": {
			"rotation": [1, 17, 0],
			"translation": [1.25, 3.5, 4.5],
			"scale": [0.66, 0.66, 0.66]
		},
		"firstperson_lefthand": {
			"translation": [7.5, 0, 0]
		},
		"ground": {
			"translation": [0, 0, 4.75],
			"scale": [0.5, 0.5, 0.5]
		},
		"fixed": {
			"rotation": [-90, 0, 0],
			"translation": [0, 3, -2],
			"scale": [1.21, 1.21, 1.21]
		},
		"on_shelf": {
			"rotation": [0, -180, 0],
			"translation": [0, 0, -6]
		}
	},
	"groups": [
		{
			"name": "Glasses",
			"origin": [11, 8, 0],
			"color": 0,
			"children": [0, 1, 2, 3, 4, 5, 6, 7, 8]
		},
		{
			"name": "Glass",
			"origin": [8, 8, 8],
			"color": 0,
			"children": [9, 10]
		}
	]
}